{
  "id": "3689506",
  "name": "easyblog-admin",
  "font_family": "iconfont",
  "css_prefix_text": "icon-",
  "description": "",
  "glyphs": [
    {
      "icon_id": "693214",
      "name": "返回",
      "font_class": "back",
      "unicode": "e612",
      "unicode_decimal": 58898
    },
    {
      "icon_id": "252290",
      "name": "add",
      "font_class": "add",
      "unicode": "e767",
      "unicode_decimal": 59239
    },
    {
      "icon_id": "1388124",
      "name": "open",
      "font_class": "close",
      "unicode": "e618",
      "unicode_decimal": 58904
    },
    {
      "icon_id": "32314163",
      "name": "open-copy",
      "font_class": "open",
      "unicode": "ea3f",
      "unicode_decimal": 59967
    },
    {
      "icon_id": "32477",
      "name": "delete",
      "font_class": "delete",
      "unicode": "e6b4",
      "unicode_decimal": 59060
    },
    {
      "icon_id": "212781",
      "name": "settings ",
      "font_class": "settings",
      "unicode": "ea3e",
      "unicode_decimal": 59966
    },
    {
      "icon_id": "400241",
      "name": "blog",
      "font_class": "blog",
      "unicode": "e63a",
      "unicode_decimal": 58938
    },
    {
      "icon_id": "18194779",
      "name": "热门专题",
      "font_class": "zhuanti",
      "unicode": "e6c9",
      "unicode_decimal": 59081
    },
    {
      "icon_id": "2127118",
      "name": "账户",
      "font_class": "account",
      "unicode": "e60a",
      "unicode_decimal": 58890
    },
    {
      "icon_id": "12779504",
      "name": "password",
      "font_class": "password",
      "unicode": "e65d",
      "unicode_decimal": 58973
    }
  ]
}
