<?xml version="1.0" encoding="UTF-8" ?>
<configuration scan="true" scanPeriod="10 minutes">
    <appender name="stdot" class="ch.qos.logback.core.ConsoleAppender">
        <layout class="ch.qos.logback.classic.PatternLayout">
            <pattern>%d{yyyy-MM-dd HH:mm:ss,GMT+8} [%p][%c][%M][%L]-> %m%n</pattern>
        </layout>
    </appender>

    <springProperty scope="context" name="log.path" source="log.path"/>
    <springProperty scope="context" name="log.file" source="log.file"/>
    <springProperty scope="context" name="log.root.level" source="log.root.level"/>

    <appender name="file" class="ch.qos.logback.core.rolling.RollingFileAppender">
        <file>${log.path}/${log.file}</file>
        <rollingPolicy class="ch.qos.logback.core.rolling.TimeBasedRollingPolicy">
            <FileNamePattern>${log.path}/${log.file}.%d{yyyyMMdd}.%i</FileNamePattern>
            <cleanHistoryOnStart>true</cleanHistoryOnStart>
            <TimeBasedFileNamingAndTriggeringPolicy class="ch.qos.logback.core.rolling.SizeAndTimeBasedFNATP">
                <MaxFileSize>20MB</MaxFileSize>
            </TimeBasedFileNamingAndTriggeringPolicy>
            <maxHistory>30</maxHistory>
        </rollingPolicy>
        <encoder>
            <charset>utf-8</charset>
            <pattern>%d{yyyy-MM-dd HH:mm:ss,GMT+8} [%p][%c][%M][%L]-> %m%n</pattern>
        </encoder>
        <append>false</append>
        <prudent>false</prudent>
    </appender>

    <root level="${log.root.level}">
        <appender-ref ref="stdot"/>
        <appender-ref ref="file"/>
    </root>
</configuration>